I,J,p,r,obj_relaxed_avg,obj_binary_avg,obj_ex_avg,time_avg_sec
300,300,2,2,0.4997939383694545,0.4998157908446519,0.4998157908446519,438.9390040874481
300,300,3,2,0.5724505433861516,0.572765225935303,0.5727652259353031,438.058672952652
300,300,2,3,0.42694784081457937,0.42700874367852687,0.42700874367852687,438.7678200006485
