I,J,p,r,obj_relaxed_avg,obj_binary_avg,obj_ex_avg,time_avg_sec
200,200,2,2,0.5010654072003243,0.5012345231399468,0.5012345231399468,361.5249430894852
200,200,3,2,0.5747799642276814,0.575239468162831,0.575239468162831,384.1723152160645
200,200,2,3,0.42629638569531536,0.42646419593888185,0.42646419593888185,371.77917754650116
